{"cameraMode":{"drawMode":0,"name":"Shaded","section":"Shading Mode"},"sceneLighting":false,"audioPlay":false,"sceneViewState":{"m_AlwaysRefresh":false,"showFog":true,"showSkybox":false,"showFlares":true,"showImageEffects":true,"showParticleSystems":true,"showVisualEffectGraphs":true,"m_FxEnabled":true},"in2DMode":false,"pivot":{"x":743.7999877929688,"y":286.1499938964844,"z":-3.700000047683716},"rotation":{"x":0.009299597702920437,"y":-0.0026885047554969789,"z":2.917928441092954e-7,"w":-0.9999988675117493},"size":0.8660253882408142,"orthographic":false}